00001.jpg;0011000000000000000000000000000000011000101111111111111111111111
00002.jpg;0000000000001111000111110010001100011001111110011110100011101100
00003.jpg;1111111111111111111111110000011100000111000001010010000100000011
00004.jpg;1101100100000001000000000011100010111101101111011011110010111100
00005.jpg;1111011111100111111011111111011111100111111001111110000111000011
00006.jpg;1111111110010011000110000001100001111110111101100001000000010000
00007.jpg;1111111111000111110101111001011100000111000011110000111110000011
00008.jpg;1111100100101000000000000011100101111111010111110000011100010011
00009.jpg;0000011100001100000010001110001111000011100010111001111110111001
00010.jpg;0111100100001101010011000000000000000000111000111111001111110001
00011.jpg;0000000000000000100000000001011000110011000111110111111101111111
00012.jpg;0000000000000011000100000010000011000111111011111110011111101111
00013.jpg;1101110111111101000000011100001111001100110000110000000100000000
00014.jpg;1011111110110000000100000000000000000100011111111111111100000000
00015.jpg;0001000000000000000000000000111101111111111111111111111111111111
00016.jpg;1100011111111111001011110000001100000011110000010000001100000000
00017.jpg;0000000000001111001111110110111111100111110000110000011111111111
00018.jpg;0000011100001111011000110001000000010011110011001110110001111111
00019.jpg;0000000000000000000000100000010011101111111111111110111111000111
00020.jpg;1110000000000000001000001111111111100010011000111100011100011111
00021.jpg;1110000011000000111010000001100001110000110111110001111111011111
00022.jpg;0000000000000000000110001111100011100000110001001100110011001100
00023.jpg;0011111000110001001100010011100100000000111001111100000000000000
00024.jpg;1110011111101111111001111000011110010011110000111000001110000000
00025.jpg;0000000000000001000111110011011101110111111001111110011111000111
00026.jpg;0000000000000100111111110000000010001001110011111110011111101111
00027.jpg;0000111100001111000011110000111100000111000001111110011101100111
00028.jpg;1100000011101000111010001101000011010001110000011100000111000011
00029.jpg;0000000000000000000000110011011111111000110000011100011111111111
00030.jpg;0110000001100000001010110001110000111100001100101111011111111111
00031.jpg;1111111111111111111110011110000000010100000000000000000000000000
00032.jpg;1111111111111111111111110000011100000000000000000000000110111111
00033.jpg;1111111111111111001100000011000010110000000011000001100100000000
00034.jpg;1111011111100111111000111110011111001111110000111000000110000001
00035.jpg;1111111111111111100001110000000110010011110000111110111111101101
00036.jpg;1001111111111111111110011111111000000000000000000000000010000000
00037.jpg;1111111111110111110001001100011000000111000001000011000000110000
00038.jpg;1111111011110000111110001100000010001110100000111000101110000111
00039.jpg;0011000001011100011011000011000000000000011000011111111111111110
00040.jpg;0000000000100110011101100010011100100011011100111111001111000011
00041.jpg;1111111111111111011111110000111000000000000100000000000000000000
00042.jpg;0000000011111111111111110011111100000000111110001111100001110000
00043.jpg;1111110111111101111111001110011011000000010000100100111101000000
00044.jpg;1110111011001100110000001100000000000001110110000000110001110100
00045.jpg;0000000000000010000001110010011100100111011011110001100011111000
00046.jpg;1111111111111111111100111100001111100011001101001000000011111000
00047.jpg;0011111100001111001010010010110001101100011111000011110100111001
00048.jpg;1111111111111111111111111110011111100010000000000000000000000100
00049.jpg;0000000000100000111111111111001100000001111011111111111111111111
00050.jpg;1111111111111111111111111111111111000001100010010000000000001100
00051.jpg;0000000000000000111111111110111111000011111001111111111111111111
00052.jpg;1111111111111111101111110000001100001111100111111000111111001111
00053.jpg;1111100011110000000000000000000011111001111111111111111111111111
00054.jpg;0000001100001000000111101001111011001011110000111100001111001111
00055.jpg;0000000000000000011000000000011011101111111001111110011111111111
00056.jpg;1111111101111111001111111010011111110000100100000001100000011000
00057.jpg;1101011010000000110000010100001111000111100100111011000111111011
00058.jpg;1111111111111110001111000001100001110000011000001111000111110001
00059.jpg;1000011100011111001111110001111100011111000111110111111111111111
00060.jpg;0000000000000000000000000000000011111110111111111111111111111111
00061.jpg;0000000000000000000000001111011111100011110001111000111111011111
00062.jpg;0001000000000000111111111110011111000011110000011101001111110111
00063.jpg;0000000000000000000100000001111111000111110011111100111111001111
00064.jpg;0111110000111100011001000000000000000000000111001111111111110111
00065.jpg;1111010110110101111111001000000011100000111000111110001111001001
00066.jpg;1011111101111001011011110110100000100000000001100100001100000000
00067.jpg;1111111111111111011111110000111100001111000001000000000000000000
00068.jpg;1111111111111111100000101110011100000000010000000000000000000000
00069.jpg;0000001000000010110000000000000010011001110111111101101100000011
00070.jpg;0001111100011111100111110001001000000000011100001110000111000011
00071.jpg;0000000000000011000011110100011111010011100100111111001101111111
00072.jpg;0000000000000000000000000000000011100000111101111111111111111111
00073.jpg;0000000000000000000000000000000000000000111111111111011111100111
00074.jpg;1111111111111111111111111111111100000000100001100000000000000000
00075.jpg;1110000010000000000000001111001111001111110000111000001111111111
00076.jpg;1111111111111111011111110000000010001001011100000100000001000000
00077.jpg;0000000000000000000000000000000011101111111110111111111111111111
00078.jpg;0000000000011000000111100001111000000111110001111110011111000111
00079.jpg;0000000000000000000000000000100000011111111111111111111111111111
00080.jpg;1011111100011111101100101110010011000111100000111000001100000001
00081.jpg;1000000000000100000001001111100011010011110101111110111111111111
00082.jpg;0000111100011111100111110011100011110010001001010001000000000000
00083.jpg;1110000011000010100001001000100010010100100111001111100011111000
00084.jpg;1010011111111111101111000011000101101111110011111000011000000110
00085.jpg;1111110011111000011111101111001111000011111000011100001110000001
00086.jpg;1001000110000001000000000000111000010111000001110011001110111001
00087.jpg;1111111111111111010001010000000011000101110000110000001100000011
00088.jpg;0000001000000010000111100011001001111110011111101111111000001100
00089.jpg;1111100111110000111100001110000100000000111000000110000100100000
00090.jpg;0000000000000000111000111111101111111111100111000001010000000000
00091.jpg;0011000000011111000000000010000000110011110011111100111111111111
00092.jpg;0000000000000000000000001111011111111111111110111111111100000000
00093.jpg;1000000011100100111000110001000000000001110000111110101111111111
00094.jpg;0111111111111111101000110011111101001100000001001100000011100000
00095.jpg;1111111111111011011100010100000011000000000110001111110011011000
00096.jpg;0011111100101111000011000010011100001111000011111000001101000011
00097.jpg;0001100000011110001111000001110001011111000110010111111101111111
00098.jpg;0000000000000000000000001100000011001111111011111111111111011111
00099.jpg;1111111111111111000011111000011110000011111000010000010100000001
00100.jpg;0110110101101101010001011100010000000000100010001110111111101111
00101.jpg;1111100011101100111001001100011000000100111001111110011111100100
00102.jpg;0000111111011100110111111101100000011000000111000010010100000100
00103.jpg;1111111101110111111101111001111101000101000000000000000100000000
00104.jpg;1111100011111110111111011111011001100011000000011000000110000000
00105.jpg;0000000000000000000000000000100011100001001100010011111111111111
00106.jpg;0000001000000000010011111110111111100111110000011100111111111111
00107.jpg;0000000000000010000000000001000011110111111001111110011111110111
00108.jpg;1110000001100000110000001100011000010111110111111101111111111111
00109.jpg;1101000011000000110000001100000011000000100000111101101111111111
00110.jpg;1111111011001000111100111101001000011001001110100111001001010000
00111.jpg;0000000000000000000000001111100011100111000010001111111111111111
00112.jpg;1111111111101011100000111110001111100001111001001110011011100111
00113.jpg;0000000000000000000000000011011111100111000011110111111111111111
00114.jpg;0011111100000111000001110000000000000001001001111110011111100111
00115.jpg;1001011110000001101100110000000111111101001111000001111100000000
00116.jpg;1101100010111100110111101111011011100010111000001110000011000000
00117.jpg;1111111111111111011010010111110000111000100111000000000000001000
00118.jpg;1011111110011111100001010000000110000111110011111100111111001111
00119.jpg;1111111011111110111111001111110010101100000000000000000001100001
00120.jpg;1111011111100111111000111110011111001111110000111000000110000001
00121.jpg;1111111111111101111101101100011011000011110000111100001111000011
00122.jpg;0011111010001110000000001000010000001100000111100011110000111100
00123.jpg;0000000001100000111000001111100111101101111010010110100100001000
00124.jpg;0000000000000000000110000110011111111011111110000000111011001111
00125.jpg;0000000000000000000000000011010011111111111111111111111111111111
00126.jpg;1011111111101111111001111111000110000110100001110000000000000000
00127.jpg;0111111111110111111001111100001111000011110000001100000011100111
00128.jpg;0000000100100000110010101000000011100100011101111111111111111111
