00001.jpg;1
00002.jpg;1
00003.jpg;1
00004.jpg;1
00005.jpg;1
00006.jpg;1
00007.jpg;1
00008.jpg;1
00009.jpg;1
00010.jpg;1
00011.jpg;1
00012.jpg;1
00013.jpg;1
00014.jpg;1
00015.jpg;1
00016.jpg;1
00017.jpg;1
00018.jpg;1
00019.jpg;1
00020.jpg;1
00021.jpg;1
00022.jpg;1
00023.jpg;1
00024.jpg;2
00025.jpg;1
00026.jpg;1
00027.jpg;1
00028.jpg;1
00029.jpg;1
00030.jpg;1
00031.jpg;1
00032.jpg;3
00033.jpg;3
00034.jpg;1
00035.jpg;2
00036.jpg;1
00037.jpg;2
00038.jpg;2
00039.jpg;2
00040.jpg;2
00041.jpg;2
00042.jpg;2
00043.jpg;2
00044.jpg;2
00045.jpg;2
00046.jpg;2
00047.jpg;2
00048.jpg;3
00049.jpg;3
00050.jpg;2
00051.jpg;2
00052.jpg;1
00053.jpg;3
00054.jpg;2
00055.jpg;2
00056.jpg;1
00057.jpg;1
00058.jpg;2
00059.jpg;1
00060.jpg;1
00061.jpg;1
00062.jpg;1
00063.jpg;1
00064.jpg;1
00065.jpg;1
00066.jpg;2
00067.jpg;2
00068.jpg;2
00069.jpg;2
00070.jpg;2
00071.jpg;2
00072.jpg;2
00073.jpg;2
00074.jpg;2
00075.jpg;2
00076.jpg;2
00077.jpg;2
00078.jpg;2
00079.jpg;2
00080.jpg;2
00081.jpg;1
00082.jpg;1
00083.jpg;2
00084.jpg;2
00085.jpg;1
00086.jpg;1
00087.jpg;1
00088.jpg;1
00089.jpg;1
00090.jpg;2
00091.jpg;2
00092.jpg;2
00093.jpg;2
00094.jpg;1
00095.jpg;1
00096.jpg;2
00097.jpg;2
00098.jpg;2
00099.jpg;1
00100.jpg;1
00101.jpg;1
00102.jpg;1
00103.jpg;1
00104.jpg;2
00105.jpg;1
00106.jpg;1
00107.jpg;1
00108.jpg;2
00109.jpg;1
00110.jpg;1
00111.jpg;1
00112.jpg;1
00113.jpg;1
00114.jpg;1
00115.jpg;2
00116.jpg;1
00117.jpg;1
00118.jpg;1
00119.jpg;1
00120.jpg;1
00121.jpg;1
00122.jpg;1
00123.jpg;1
00124.jpg;1
00125.jpg;1
00126.jpg;1
00127.jpg;1
00128.jpg;1
00129.jpg;1
00130.jpg;1
00131.jpg;1
00132.jpg;1
00133.jpg;1
00134.jpg;1
00135.jpg;1
